Name,Text,IsDecision,Options,NextLines,AffinityChange
Syn,"¡Hola! ¿Al final ha venido al claro el chico del que te hablé? Nosotros no lo hemos conseguido encontrar...",,,,
Aster,"En todo el rato que llevo aquí no he visto a nadie o, al menos, nada que se parezca a una persona. Aunque he visto a un bicho volador transparente que me ha pegado un buen susto.",,,,
Syn,"¿Un bicho volador? ¡Sería una salpa mensajera! Son los bichitos que usamos a veces para mandarnos mensajes cuando estamos lejos los unos de los otros. ¡Son muy amables y adorables, además de ser capaces de reproducir la voz humana si los enseñas con cariño!",,,,
Syn,"Lo siento, ahora mismo no puedo entretenerme en contarte todo lo que hemos descubierto de este mundo, estoy demasiado preocupada. He recorrido todo el bosque y no le he encontrado por ningún lado. Ya está atardeciendo y sin él no podremos entrar al barco a resguardarnos de la noche.",,,,
Aster,"¿Sólo él puede acceder al barco? ¿Qué sentido tiene eso?",,,,
Syn,"Jeje... Sólo era una medida provisional... Aún está terminando de construir el mecanismo que abre la puerta, así que estos días hemos estado entrando con su ayuda. Además, como él siempre tiene miedo de salir del claro, se pasa los días trabajando aquí y arreglando el buque. Nunca nos hemos encontrado en una situación como la de hoy... Sé que él siempre deja documentado todo lo que hace y probablemente el método que usa el mecanismo de la puerta del barco y cómo abrirla debe de estar escrito en alguno de sus papeles... Creo que tal vez podría encontrarlos, pero no soy tan inteligente como para saber interpretarlos... Además, no puedo irme muy lejos del claro yo sola y dejar al pequeño Munin cuando el buque aún no es accesible... Si fallo, le dejaría expuesto al peligro...",,,,
Syn,"Si no es mucho pedir... ¿Crees que podrías echarnos una mano, por favor? Te estaríamos inmensamente agradecidos. Además, pareces una chica fuerte y capaz, estoy segura de que lo lograrás.",,,,
Aster,"Mmm... Qué remedio, supongo... Está bien... Buscaré los documentos de los que me has hablado e intentaré conseguir lo necesario para abrir la puerta...",,,,
Aster,"(Pensamiento: “Al final hasta me ha tocado a mí la misión de rescate... Aagg, espero que al menos realmente les sirva mi ayuda. Ahora que lo pienso... Si cae la noche y no he vuelto mágicamente a mi cuarto o me despierto de este sueño, tal vez deba resguardarme yo también en el barco...”)",,,,
